Deirdre,Khorma,11100518,Deirdre.Khorma@college.harvard.edu,11
Fina,Zetta,17941504,Fina.Zetta@college.harvard.edu,11
Roberta,Ingra,11936833,Roberta.Ingra@college.harvard.edu,11
Bertine,Merell,19533403,Bertine.Merell@college.harvard.edu,11
Melina,Jethro,15840321,Melina.Jethro@college.harvard.edu,11
Ana,Scammon,10701460,Ana.Scammon@college.harvard.edu,11
Nanete,Kenwood,13603325,Nanete.Kenwood@college.harvard.edu,11
Carol-Jean,Elsinore,13442638,Carol-Jean.Elsinore@college.harvard.edu,11
Agathe,Maribeth,10512634,Agathe.Maribeth@college.harvard.edu,11
Ardenia,Wareing,11026377,Ardenia.Wareing@college.harvard.edu,11
Willetta,Lay,10596364,Willetta.Lay@college.harvard.edu,11
Marcy,Sharl,11533090,Marcy.Sharl@college.harvard.edu,11
Clarice,Kellby,15104822,Clarice.Kellby@college.harvard.edu,11
Sara-Ann,Leopold,14818968,Sara-Ann.Leopold@college.harvard.edu,11
Allis,Glenden,18548650,Allis.Glenden@college.harvard.edu,11
Genevra,Harriman,17355758,Genevra.Harriman@college.harvard.edu,11
Benita,Joli,10084672,Benita.Joli@college.harvard.edu,11
Rosanne,Pierette,14774090,Rosanne.Pierette@college.harvard.edu,11
Sallie,Beebe,12166088,Sallie.Beebe@college.harvard.edu,11
Alex,Clie,11202302,Alex.Clie@college.harvard.edu,11
Sam,Tound,13871481,Sam.Tound@college.harvard.edu,11
Kittie,Seumas,17227745,Kittie.Seumas@college.harvard.edu,11
Chastity,Sabella,13299610,Chastity.Sabella@college.harvard.edu,11
Averyl,Fredi,10926797,Averyl.Fredi@college.harvard.edu,11
Brena,Kesley,19274804,Brena.Kesley@college.harvard.edu,11
Lorne,Boehike,11213265,Lorne.Boehike@college.harvard.edu,11
Rosanne,Graig,13501056,Rosanne.Graig@college.harvard.edu,11
Averyl,Brieta,15653824,Averyl.Brieta@college.harvard.edu,11
Clary,Stevy,14691987,Clary.Stevy@college.harvard.edu,11
Latisha,Fink,18665119,Latisha.Fink@college.harvard.edu,11
Kary,Valerio,17362838,Kary.Valerio@college.harvard.edu,11
Lesly,Serilda,14253166,Lesly.Serilda@college.harvard.edu,11
Reeba,Anyah,13425993,Reeba.Anyah@college.harvard.edu,11
Iseabal,Bashemeth,17926064,Iseabal.Bashemeth@college.harvard.edu,11
Tracey,Hartnett,12769868,Tracey.Hartnett@college.harvard.edu,11
Binny,Medrek,17630510,Binny.Medrek@college.harvard.edu,11
Cristabel,Cadmar,14805294,Cristabel.Cadmar@college.harvard.edu,11
Edyth,Nisbet,10370788,Edyth.Nisbet@college.harvard.edu,11
Henriette,Manolo,10578825,Henriette.Manolo@college.harvard.edu,11
Rhea,Honoria,14749518,Rhea.Honoria@college.harvard.edu,11
Tracey,Bennie,15049751,Tracey.Bennie@college.harvard.edu,11
Atlanta,Mauer,12565564,Atlanta.Mauer@college.harvard.edu,11
Ashlee,Rurik,15452212,Ashlee.Rurik@college.harvard.edu,11
Corina,Khorma,18801221,Corina.Khorma@college.harvard.edu,11
Elka,Sikorski,17302491,Elka.Sikorski@college.harvard.edu,11
Darlleen,Alcott,19099571,Darlleen.Alcott@college.harvard.edu,11
Bettine,Center,10020605,Bettine.Center@college.harvard.edu,11
Emilia,Lipson,14973202,Emilia.Lipson@college.harvard.edu,11
Letizia,Hartnett,13329529,Letizia.Hartnett@college.harvard.edu,11
Elbertina,Sholley,19885130,Elbertina.Sholley@college.harvard.edu,11
Ivett,Genna,12257334,Ivett.Genna@college.harvard.edu,11
Clarice,Blase,11814082,Clarice.Blase@college.harvard.edu,11
Gale,Killigrew,15363331,Gale.Killigrew@college.harvard.edu,11
Regina,Konyn,19542595,Regina.Konyn@college.harvard.edu,11
Christal,Cavan,17325343,Christal.Cavan@college.harvard.edu,11
Monika,Tamar,18565778,Monika.Tamar@college.harvard.edu,11
Karena,Yoko,16626949,Karena.Yoko@college.harvard.edu,11
Ermengarde,Justinn,18096914,Ermengarde.Justinn@college.harvard.edu,11
Maisey,Olin,17580574,Maisey.Olin@college.harvard.edu,11
Sybille,Regan,12826053,Sybille.Regan@college.harvard.edu,11
Alyda,Krystle,18964732,Alyda.Krystle@college.harvard.edu,11
Karlee,Schonfeld,19820706,Karlee.Schonfeld@college.harvard.edu,11
Joelly,Gaynor,19662517,Joelly.Gaynor@college.harvard.edu,11
Lauryn,Malanie,15823237,Lauryn.Malanie@college.harvard.edu,11
Eadie,Monaco,15882522,Eadie.Monaco@college.harvard.edu,11
Carol-Jean,Niccolo,11071543,Carol-Jean.Niccolo@college.harvard.edu,11
Nicoli,Tjon,11093265,Nicoli.Tjon@college.harvard.edu,11
Dode,Brieta,11325447,Dode.Brieta@college.harvard.edu,11
Allyce,Kannry,19389781,Allyce.Kannry@college.harvard.edu,11
Stephanie,Moseley,13231539,Stephanie.Moseley@college.harvard.edu,11
Shaylyn,Glovsky,16495897,Shaylyn.Glovsky@college.harvard.edu,11
Clo,Bohlin,17435892,Clo.Bohlin@college.harvard.edu,11
Anica,Joachim,15398080,Anica.Joachim@college.harvard.edu,11
Lisette,Adalbert,18495589,Lisette.Adalbert@college.harvard.edu,11
Briney,Trace,13702123,Briney.Trace@college.harvard.edu,11
Jobi,Fitzsimmons,10962986,Jobi.Fitzsimmons@college.harvard.edu,11
Moyna,Suanne,12365512,Moyna.Suanne@college.harvard.edu,11
Kathy,Lea,11961180,Kathy.Lea@college.harvard.edu,11
Melanie,Hirsch,11238922,Melanie.Hirsch@college.harvard.edu,11
Elyssa,Linehan,19552669,Elyssa.Linehan@college.harvard.edu,11
Fernande,Joachim,16395052,Fernande.Joachim@college.harvard.edu,11
Melanie,Seagraves,13293637,Melanie.Seagraves@college.harvard.edu,11
Ashlee,Ader,15219066,Ashlee.Ader@college.harvard.edu,11
Justinn,Marisa,18463184,Justinn.Marisa@college.harvard.edu,11
Larine,Thornburg,12280773,Larine.Thornburg@college.harvard.edu,11
Linzy,Toor,19141102,Linzy.Toor@college.harvard.edu,11
Frances,Virgin,13053425,Frances.Virgin@college.harvard.edu,11
Lanna,Thunell,18150730,Lanna.Thunell@college.harvard.edu,11
Bee,Erich,16134294,Bee.Erich@college.harvard.edu,11
Kenna,Docilla,18378220,Kenna.Docilla@college.harvard.edu,11
Theodora,Codding,13131373,Theodora.Codding@college.harvard.edu,11
Louella,Tannie,12941265,Louella.Tannie@college.harvard.edu,11
Jsandye,Syd,10605116,Jsandye.Syd@college.harvard.edu,11
Pearline,Iphlgenia,12410742,Pearline.Iphlgenia@college.harvard.edu,11
Allis,Teryn,15453404,Allis.Teryn@college.harvard.edu,11
Claudina,Clara,15834642,Claudina.Clara@college.harvard.edu,11
Rayna,Fillbert,13150470,Rayna.Fillbert@college.harvard.edu,11
Leona,Tatianas,18715331,Leona.Tatianas@college.harvard.edu,11
Melisent,Danby,17656632,Melisent.Danby@college.harvard.edu,11
Sharlene,Adalbert,15917034,Sharlene.Adalbert@college.harvard.edu,11
Edyth,Bouchard,19788351,Edyth.Bouchard@college.harvard.edu,11
Kial,Cadmar,17749962,Kial.Cadmar@college.harvard.edu,11
Maurene,Ivens,15557984,Maurene.Ivens@college.harvard.edu,11
Cacilie,Maroney,18986461,Cacilie.Maroney@college.harvard.edu,11
Dorene,Breed,15189851,Dorene.Breed@college.harvard.edu,11
Cecile,Obed,15245497,Cecile.Obed@college.harvard.edu,11
Penelopa,Pacorro,18931782,Penelopa.Pacorro@college.harvard.edu,11
Sidoney,Madelene,16140860,Sidoney.Madelene@college.harvard.edu,11
Cindelyn,Ioab,12257941,Cindelyn.Ioab@college.harvard.edu,11
Morganica,Mitzi,16121278,Morganica.Mitzi@college.harvard.edu,11
Danny,McGrody,10636581,Danny.McGrody@college.harvard.edu,11
Katharina,Eugenia,17461239,Katharina.Eugenia@college.harvard.edu,11
Cristine,Pond,16467043,Cristine.Pond@college.harvard.edu,11
Fernande,Garlinda,14571916,Fernande.Garlinda@college.harvard.edu,11
Jemie,Timon,14390692,Jemie.Timon@college.harvard.edu,11
Lucille,Nadia,12287993,Lucille.Nadia@college.harvard.edu,11
Ginnie,Karl,15686139,Ginnie.Karl@college.harvard.edu,11
Clary,Weinreb,13676235,Clary.Weinreb@college.harvard.edu,11
Darlleen,Garbe,13157058,Darlleen.Garbe@college.harvard.edu,11
Helena,Land,15106524,Helena.Land@college.harvard.edu,11
Binny,Ardra,18676033,Binny.Ardra@college.harvard.edu,11
Flo,Linehan,17929526,Flo.Linehan@college.harvard.edu,11
Nessie,Georgy,18473364,Nessie.Georgy@college.harvard.edu,11
Fernande,August,19752000,Fernande.August@college.harvard.edu,11
Benita,Read,12250268,Benita.Read@college.harvard.edu,11
Mariele,Poppy,19183577,Mariele.Poppy@college.harvard.edu,11
Kylynn,Plato,18464685,Kylynn.Plato@college.harvard.edu,11
Shaylyn,Astra,15744819,Shaylyn.Astra@college.harvard.edu,11
Madelle,Nikaniki,11264406,Madelle.Nikaniki@college.harvard.edu,11
Olivette,Aldric,17357122,Olivette.Aldric@college.harvard.edu,11
Delilah,Saunderson,16577825,Delilah.Saunderson@college.harvard.edu,11
Jany,Greenwald,14945773,Jany.Greenwald@college.harvard.edu,11
Ricky,Merat,15679591,Ricky.Merat@college.harvard.edu,11
Corry,Solitta,14119834,Corry.Solitta@college.harvard.edu,11
Dari,Demitria,10003659,Dari.Demitria@college.harvard.edu,11
Gavrielle,Riva,11691853,Gavrielle.Riva@college.harvard.edu,11
Aaren,Shanley,15283874,Aaren.Shanley@college.harvard.edu,11
Christal,Buttaro,19420308,Christal.Buttaro@college.harvard.edu,11
Adele,Gaal,12531900,Adele.Gaal@college.harvard.edu,11
Veda,Angelis,17373645,Veda.Angelis@college.harvard.edu,11
Carly,Cohdwell,19467576,Carly.Cohdwell@college.harvard.edu,11
Tatiania,Lauraine,13852694,Tatiania.Lauraine@college.harvard.edu,11
Allyce,Torray,15626787,Allyce.Torray@college.harvard.edu,11
Ilse,Rona,12708712,Ilse.Rona@college.harvard.edu,11
Britni,Ailyn,12534872,Britni.Ailyn@college.harvard.edu,11
Stevana,Orlene,12857917,Stevana.Orlene@college.harvard.edu,11
Eve,Verger,17284534,Eve.Verger@college.harvard.edu,11
Andeee,Nance,19193576,Andeee.Nance@college.harvard.edu,11
Daune,Torray,10765583,Daune.Torray@college.harvard.edu,11
Emmey,Cleo,12925065,Emmey.Cleo@college.harvard.edu,11
Zondra,Helve,15060069,Zondra.Helve@college.harvard.edu,11
Andree,Halla,14029177,Andree.Halla@college.harvard.edu,11
Marika,Kannry,17441113,Marika.Kannry@college.harvard.edu,11
Dorothy,Pandolfi,19101916,Dorothy.Pandolfi@college.harvard.edu,11
Marti,Maisey,17171855,Marti.Maisey@college.harvard.edu,11
Fayre,Erich,15748763,Fayre.Erich@college.harvard.edu,11
Rebeca,Cullin,14775995,Rebeca.Cullin@college.harvard.edu,11
Dagmar,Ralfston,12534837,Dagmar.Ralfston@college.harvard.edu,11
Emelina,Hachmin,18917186,Emelina.Hachmin@college.harvard.edu,11
Britni,Tybald,10439068,Britni.Tybald@college.harvard.edu,11
Kayla,Hachmin,10673577,Kayla.Hachmin@college.harvard.edu,11
Sheelagh,Adamsen,18459894,Sheelagh.Adamsen@college.harvard.edu,11
Britte,Baudin,10787024,Britte.Baudin@college.harvard.edu,11
Courtnay,Johnsson,19747366,Courtnay.Johnsson@college.harvard.edu,11
Nita,Engdahl,12930901,Nita.Engdahl@college.harvard.edu,11
